AMS,American Spirit
TRN,Tranquility
GRM,Green Marble
VAN,Vanguard
QRY,Quarry
GEN,Gentry
SGE,Sterling Gentry
FL,Fine Line
FF,Forever Free
SA,Scenic Americana
CYP,Cypress
BLUH,Blue Herringbone
GREH,Green Herringbone
YELH,Yellow Herringbone
TANH,Tan Herringbone
MARH,Maroon Herringbone
PURH,Purple Herringbone
GRYH,Gray Herringbone
BLUP,Blue Parchment
GREP,Green Parchment
YELP,Yellow Parchment
TANP,Tan Parchment
MARP,Maroon Parchment
PRPP,Purple Parchment
GRYP,Gray Parchment
SANT,Antique
SMNT,Monterey
SBLM,Blue Marble
SGMR,Green Marble
SAMS,American Spirit
SGEN,Gentry
TGRD,Tamperguard Plus™
BK,Black
BL,Blue
BR,Brown
BU,Burgundy
GD,Gold
GR,Green
GY,Grey
PK,Pink
PR,Purple
RD,Red
SV,Silver
TN,Tan
XX,No Color Specified
YL,Yellow
AQ,Antique
ENT,Entrepreneur
BLS,Blue Safety
PKS,Pink Safety
RS,Rose
BLW,Security Watermark Blue
BLM,Blue Marble
MON,Monterey
BLUHS,Blue Deluxe High Security
GRNHS,Green Deluxe High Security
MARHS,Maroon Deluxe High Security
TANHS,Tan Deluxe High Security
GRYHS,Gray Deluxe High Security
PRPHS,Purple Deluxe High Security
YLWHS,Yellow Deluxe High Security
WWHS,Wounded Warrior Family Support High Security
AMS,American Spirit
TRN,Tranquility
GRM,Green Marble
VAN,Vanguard
QRY,Quarry
GEN,Gentry
SGE,Sterling Gentry
FL,Fine Line
FF,Forever Free
SA,Scenic Americana
CYP,Cypress
BLUH,Blue Herringbone
GREH,Green Herringbone
YELH,Yellow Herringbone
TANH,Tan Herringbone
MARH,Maroon Herringbone
PURH,Purple Herringbone
GRYH,Gray Herringbone
BLUP,Blue Parchment
GREP,Green Parchment
YELP,Yellow Parchment
TANP,Tan Parchment
MARP,Maroon Parchment
PRPP,Purple Parchment
GRYP,Gray Parchment
SANT,Antique
SMNT,Monterey
SBLM,Blue Marble
SGMR,Green Marble
SAMS,American Spirit
SGEN,Gentry
TGRD,Tamperguard Plus™
BK,Black
BL,Blue
BR,Brown
BU,Burgundy
GD,Gold
GR,Green
GY,Grey
PK,Pink
PR,Purple
RD,Red
SV,Silver
TN,Tan
XX,No Color Specified
YL,Yellow
AQ,Antique
ENT,Entrepreneur
BLS,Blue Safety
PKS,Pink Safety
RS,Rose
BLW,Security Watermark Blue
BLM,Blue Marble
MON,Monterey
BLUHS,Blue Deluxe High Security
GRNHS,Green Deluxe High Security
MARHS,Maroon Deluxe High Security
TANHS,Tan Deluxe High Security
GRYHS,Gray Deluxe High Security
PRPHS,Purple Deluxe High Security
YLWHS,Yellow Deluxe High Security
WWHS,Wounded Warrior Family Support High Security
AMS,American Spirit
AMS,American Spirit
TRN,Tranquility
GRM,Green Marble
TRN,Tranquility
VAN,Vanguard
QRY,Quarry
GRM,Green Marble
GEN,Gentry
SGE,Sterling Gentry
VAN,Vanguard
FL,Fine Line
FF,Forever Free
SA,Scenic Americana
QRY,Quarry
GEN,Gentry
SGE,Sterling Gentry
FL,Fine Line
FF,Forever Free
SA,Scenic Americana
CYP,Cypress
BLUH,Blue Herringbone
GREH,Green Herringbone
YELH,Yellow Herringbone
TANH,Tan Herringbone
MARH,Maroon Herringbone
PURH,Purple Herringbone
GRYH,Gray Herringbone
BLUP,Blue Parchment
GREP,Green Parchment
CYP,Cypress
BLUH,Blue Herringbone
GREH,Green Herringbone
YELH,Yellow Herringbone
TANH,Tan Herringbone
MARH,Maroon Herringbone
PURH,Purple Herringbone
GRYH,Gray Herringbone
BLUP,Blue Parchment
GREP,Green Parchment
YELP,Yellow Parchment
TANP,Tan Parchment
MARP,Maroon Parchment
PRPP,Purple Parchment
YELP,Yellow Parchment
GRYP,Gray Parchment
TANP,Tan Parchment
SANT,Antique
MARP,Maroon Parchment
SMNT,Monterey
PRPP,Purple Parchment
SBLM,Blue Marble
SGMR,Green Marble
GRYP,Gray Parchment
SAMS,American Spirit
SANT,Antique
SMNT,Monterey
SBLM,Blue Marble
SGMR,Green Marble
SAMS,American Spirit
SGEN,Gentry
TGRD,Tamperguard Plus™
BK,Black
SGEN,Gentry
BL,Blue
TGRD,Tamperguard Plus™
BR,Brown
BK,Black
BL,Blue
BU,Burgundy
BR,Brown
GD,Gold
BU,Burgundy
GR,Green
GY,Grey
GD,Gold
GR,Green
PK,Pink
GY,Grey
PK,Pink
PR,Purple
PR,Purple
RD,Red
RD,Red
SV,Silver
TN,Tan
XX,No Color Specified
YL,Yellow
AQ,Antique
SV,Silver
ENT,Entrepreneur
BLS,Blue Safety
TN,Tan
PKS,Pink Safety
XX,No Color Specified
YL,Yellow
AQ,Antique
ENT,Entrepreneur
BLS,Blue Safety
PKS,Pink Safety
RS,Rose
BLW,Security Watermark Blue
BLM,Blue Marble
MON,Monterey
BLUHS,Blue Deluxe High Security
GRNHS,Green Deluxe High Security
MARHS,Maroon Deluxe High Security
TANHS,Tan Deluxe High Security
RS,Rose
GRYHS,Gray Deluxe High Security
BLW,Security Watermark Blue
PRPHS,Purple Deluxe High Security
BLM,Blue Marble
MON,Monterey
BLUHS,Blue Deluxe High Security
GRNHS,Green Deluxe High Security
MARHS,Maroon Deluxe High Security
TANHS,Tan Deluxe High Security
GRYHS,Gray Deluxe High Security
PRPHS,Purple Deluxe High Security
YLWHS,Yellow Deluxe High Security
WWHS,Wounded Warrior Family Support High Security
YLWHS,Yellow Deluxe High Security
WWHS,Wounded Warrior Family Support High Security
AMS,American Spirit
TRN,Tranquility
GRM,Green Marble
VAN,Vanguard
QRY,Quarry
GEN,Gentry
SGE,Sterling Gentry
FL,Fine Line
FF,Forever Free
SA,Scenic Americana
CYP,Cypress
BLUH,Blue Herringbone
GREH,Green Herringbone
YELH,Yellow Herringbone
TANH,Tan Herringbone
MARH,Maroon Herringbone
PURH,Purple Herringbone
GRYH,Gray Herringbone
BLUP,Blue Parchment
GREP,Green Parchment
YELP,Yellow Parchment
TANP,Tan Parchment
MARP,Maroon Parchment
PRPP,Purple Parchment
GRYP,Gray Parchment
SANT,Antique
SMNT,Monterey
SBLM,Blue Marble
SGMR,Green Marble
SAMS,American Spirit
SGEN,Gentry
TGRD,Tamperguard Plus™
BK,Black
BL,Blue
BR,Brown
BU,Burgundy
GD,Gold
GR,Green
GY,Grey
PK,Pink
PR,Purple
RD,Red
SV,Silver
TN,Tan
XX,No Color Specified
YL,Yellow
AQ,Antique
ENT,Entrepreneur
BLS,Blue Safety
PKS,Pink Safety
RS,Rose
BLW,Security Watermark Blue
BLM,Blue Marble
MON,Monterey
BLUHS,Blue Deluxe High Security
GRNHS,Green Deluxe High Security
MARHS,Maroon Deluxe High Security
TANHS,Tan Deluxe High Security
GRYHS,Gray Deluxe High Security
PRPHS,Purple Deluxe High Security
YLWHS,Yellow Deluxe High Security
WWHS,Wounded Warrior Family Support High Security
AMS,American Spirit
TRN,Tranquility
GRM,Green Marble
VAN,Vanguard
QRY,Quarry
GEN,Gentry
SGE,Sterling Gentry
FL,Fine Line
FF,Forever Free
SA,Scenic Americana
CYP,Cypress
BLUH,Blue Herringbone
GREH,Green Herringbone
YELH,Yellow Herringbone
TANH,Tan Herringbone
MARH,Maroon Herringbone
PURH,Purple Herringbone
GRYH,Gray Herringbone
BLUP,Blue Parchment
GREP,Green Parchment
YELP,Yellow Parchment
TANP,Tan Parchment
MARP,Maroon Parchment
PRPP,Purple Parchment
GRYP,Gray Parchment
SANT,Antique
SMNT,Monterey
SBLM,Blue Marble
SGMR,Green Marble
SAMS,American Spirit
SGEN,Gentry
TGRD,Tamperguard Plus™
BK,Black
BL,Blue
BR,Brown
BU,Burgundy
GD,Gold
GR,Green
GY,Grey
PK,Pink
PR,Purple
RD,Red
SV,Silver
TN,Tan
XX,No Color Specified
YL,Yellow
AQ,Antique
ENT,Entrepreneur
BLS,Blue Safety
PKS,Pink Safety
RS,Rose
BLW,Security Watermark Blue
BLM,Blue Marble
MON,Monterey
BLUHS,Blue Deluxe High Security
GRNHS,Green Deluxe High Security
MARHS,Maroon Deluxe High Security
TANHS,Tan Deluxe High Security
GRYHS,Gray Deluxe High Security
PRPHS,Purple Deluxe High Security
YLWHS,Yellow Deluxe High Security
WWHS,Wounded Warrior Family Support High Security
AMS,American Spirit
TRN,Tranquility
GRM,Green Marble
VAN,Vanguard
QRY,Quarry
GEN,Gentry
SGE,Sterling Gentry
FL,Fine Line
FF,Forever Free
SA,Scenic Americana
CYP,Cypress
BLUH,Blue Herringbone
GREH,Green Herringbone
YELH,Yellow Herringbone
TANH,Tan Herringbone
MARH,Maroon Herringbone
PURH,Purple Herringbone
GRYH,Gray Herringbone
BLUP,Blue Parchment
GREP,Green Parchment
YELP,Yellow Parchment
TANP,Tan Parchment
MARP,Maroon Parchment
PRPP,Purple Parchment
GRYP,Gray Parchment
SANT,Antique
SMNT,Monterey
SBLM,Blue Marble
SGMR,Green Marble
SAMS,American Spirit
SGEN,Gentry
TGRD,Tamperguard Plus™
BK,Black
BL,Blue
BR,Brown
BU,Burgundy
GD,Gold
GR,Green
GY,Grey
PK,Pink
PR,Purple
RD,Red
SV,Silver
TN,Tan
XX,No Color Specified
YL,Yellow
AQ,Antique
ENT,Entrepreneur
BLS,Blue Safety
PKS,Pink Safety
RS,Rose
BLW,Security Watermark Blue
BLM,Blue Marble
MON,Monterey
BLUHS,Blue Deluxe High Security
GRNHS,Green Deluxe High Security
MARHS,Maroon Deluxe High Security
TANHS,Tan Deluxe High Security
GRYHS,Gray Deluxe High Security
PRPHS,Purple Deluxe High Security
YLWHS,Yellow Deluxe High Security
WWHS,Wounded Warrior Family Support High Security
AMS,American Spirit
TRN,Tranquility
GRM,Green Marble
VAN,Vanguard
QRY,Quarry
GEN,Gentry
SGE,Sterling Gentry
FL,Fine Line
FF,Forever Free
SA,Scenic Americana
CYP,Cypress
BLUH,Blue Herringbone
GREH,Green Herringbone
YELH,Yellow Herringbone
TANH,Tan Herringbone
MARH,Maroon Herringbone
PURH,Purple Herringbone
GRYH,Gray Herringbone
BLUP,Blue Parchment
GREP,Green Parchment
YELP,Yellow Parchment
TANP,Tan Parchment
MARP,Maroon Parchment
PRPP,Purple Parchment
GRYP,Gray Parchment
SANT,Antique
SMNT,Monterey
SBLM,Blue Marble
SGMR,Green Marble
SAMS,American Spirit
SGEN,Gentry
TGRD,Tamperguard Plus™
BK,Black
BL,Blue
BR,Brown
BU,Burgundy
GD,Gold
GR,Green
GY,Grey
PK,Pink
PR,Purple
RD,Red
SV,Silver
TN,Tan
XX,No Color Specified
YL,Yellow
AQ,Antique
ENT,Entrepreneur
BLS,Blue Safety
PKS,Pink Safety
RS,Rose
BLW,Security Watermark Blue
BLM,Blue Marble
MON,Monterey
BLUHS,Blue Deluxe High Security
GRNHS,Green Deluxe High Security
MARHS,Maroon Deluxe High Security
TANHS,Tan Deluxe High Security
GRYHS,Gray Deluxe High Security
PRPHS,Purple Deluxe High Security
YLWHS,Yellow Deluxe High Security
WWHS,Wounded Warrior Family Support High Security
AMS,American Spirit
TRN,Tranquility
GRM,Green Marble
VAN,Vanguard
QRY,Quarry
GEN,Gentry
SGE,Sterling Gentry
FL,Fine Line
FF,Forever Free
SA,Scenic Americana
CYP,Cypress
BLUH,Blue Herringbone
GREH,Green Herringbone
YELH,Yellow Herringbone
TANH,Tan Herringbone
MARH,Maroon Herringbone
PURH,Purple Herringbone
GRYH,Gray Herringbone
BLUP,Blue Parchment
GREP,Green Parchment
YELP,Yellow Parchment
TANP,Tan Parchment
MARP,Maroon Parchment
PRPP,Purple Parchment
GRYP,Gray Parchment
SANT,Antique
SMNT,Monterey
SBLM,Blue Marble
SGMR,Green Marble
SAMS,American Spirit
SGEN,Gentry
TGRD,Tamperguard Plus™
BK,Black
BL,Blue
BR,Brown
BU,Burgundy
GD,Gold
GR,Green
GY,Grey
PK,Pink
PR,Purple
RD,Red
SV,Silver
TN,Tan
XX,No Color Specified
YL,Yellow
AQ,Antique
ENT,Entrepreneur
BLS,Blue Safety
PKS,Pink Safety
RS,Rose
BLW,Security Watermark Blue
BLM,Blue Marble
MON,Monterey
BLUHS,Blue Deluxe High Security
GRNHS,Green Deluxe High Security
MARHS,Maroon Deluxe High Security
TANHS,Tan Deluxe High Security
GRYHS,Gray Deluxe High Security
PRPHS,Purple Deluxe High Security
YLWHS,Yellow Deluxe High Security
WWHS,Wounded Warrior Family Support High Security
AMS,American Spirit
TRN,Tranquility
GRM,Green Marble
VAN,Vanguard
QRY,Quarry
GEN,Gentry
SGE,Sterling Gentry
FL,Fine Line
FF,Forever Free
SA,Scenic Americana
CYP,Cypress
BLUH,Blue Herringbone
GREH,Green Herringbone
YELH,Yellow Herringbone
TANH,Tan Herringbone
MARH,Maroon Herringbone
PURH,Purple Herringbone
GRYH,Gray Herringbone
BLUP,Blue Parchment
GREP,Green Parchment
YELP,Yellow Parchment
TANP,Tan Parchment
MARP,Maroon Parchment
PRPP,Purple Parchment
GRYP,Gray Parchment
SANT,Antique
SMNT,Monterey
SBLM,Blue Marble
SGMR,Green Marble
SAMS,American Spirit
SGEN,Gentry
TGRD,Tamperguard Plus™
BK,Black
BL,Blue
BR,Brown
BU,Burgundy
GD,Gold
GR,Green
GY,Grey
PK,Pink
PR,Purple
RD,Red
SV,Silver
TN,Tan
XX,No Color Specified
YL,Yellow
AQ,Antique
ENT,Entrepreneur
BLS,Blue Safety
PKS,Pink Safety
RS,Rose
BLW,Security Watermark Blue
BLM,Blue Marble
MON,Monterey
BLUHS,Blue Deluxe High Security
GRNHS,Green Deluxe High Security
MARHS,Maroon Deluxe High Security
TANHS,Tan Deluxe High Security
GRYHS,Gray Deluxe High Security
PRPHS,Purple Deluxe High Security
YLWHS,Yellow Deluxe High Security
WWHS,Wounded Warrior Family Support High Security
AMS,American Spirit
TRN,Tranquility
GRM,Green Marble
VAN,Vanguard
QRY,Quarry
GEN,Gentry
SGE,Sterling Gentry
FL,Fine Line
FF,Forever Free
SA,Scenic Americana
CYP,Cypress
BLUH,Blue Herringbone
GREH,Green Herringbone
YELH,Yellow Herringbone
TANH,Tan Herringbone
MARH,Maroon Herringbone
PURH,Purple Herringbone
GRYH,Gray Herringbone
BLUP,Blue Parchment
GREP,Green Parchment
YELP,Yellow Parchment
TANP,Tan Parchment
MARP,Maroon Parchment
PRPP,Purple Parchment
GRYP,Gray Parchment
SANT,Antique
SMNT,Monterey
SBLM,Blue Marble
SGMR,Green Marble
SAMS,American Spirit
SGEN,Gentry
TGRD,Tamperguard Plus™
BK,Black
BL,Blue
BR,Brown
BU,Burgundy
GD,Gold
GR,Green
GY,Grey
PK,Pink
PR,Purple
RD,Red
SV,Silver
TN,Tan
XX,No Color Specified
YL,Yellow
AQ,Antique
ENT,Entrepreneur
BLS,Blue Safety
PKS,Pink Safety
RS,Rose
BLW,Security Watermark Blue
BLM,Blue Marble
MON,Monterey
BLUHS,Blue Deluxe High Security
GRNHS,Green Deluxe High Security
MARHS,Maroon Deluxe High Security
TANHS,Tan Deluxe High Security
GRYHS,Gray Deluxe High Security
PRPHS,Purple Deluxe High Security
YLWHS,Yellow Deluxe High Security
WWHS,Wounded Warrior Family Support High Security
AMS,American Spirit
TRN,Tranquility
GRM,Green Marble
VAN,Vanguard
QRY,Quarry
GEN,Gentry
SGE,Sterling Gentry
FL,Fine Line
FF,Forever Free
SA,Scenic Americana
CYP,Cypress
BLUH,Blue Herringbone
GREH,Green Herringbone
YELH,Yellow Herringbone
TANH,Tan Herringbone
MARH,Maroon Herringbone
PURH,Purple Herringbone
GRYH,Gray Herringbone
BLUP,Blue Parchment
GREP,Green Parchment
YELP,Yellow Parchment
TANP,Tan Parchment
MARP,Maroon Parchment
PRPP,Purple Parchment
GRYP,Gray Parchment
SANT,Antique
SMNT,Monterey
SBLM,Blue Marble
SGMR,Green Marble
SAMS,American Spirit
SGEN,Gentry
TGRD,Tamperguard Plus™
BK,Black
BL,Blue
BR,Brown
BU,Burgundy
GD,Gold
GR,Green
GY,Grey
PK,Pink
PR,Purple
RD,Red
SV,Silver
TN,Tan
XX,No Color Specified
YL,Yellow
AQ,Antique
ENT,Entrepreneur
BLS,Blue Safety
PKS,Pink Safety
RS,Rose
BLW,Security Watermark Blue
BLM,Blue Marble
MON,Monterey
BLUHS,Blue Deluxe High Security
GRNHS,Green Deluxe High Security
MARHS,Maroon Deluxe High Security
TANHS,Tan Deluxe High Security
GRYHS,Gray Deluxe High Security
PRPHS,Purple Deluxe High Security
YLWHS,Yellow Deluxe High Security
WWHS,Wounded Warrior Family Support High Security
AMS,American Spirit
TRN,Tranquility
GRM,Green Marble
VAN,Vanguard
QRY,Quarry
GEN,Gentry
SGE,Sterling Gentry
FL,Fine Line
FF,Forever Free
SA,Scenic Americana
CYP,Cypress
BLUH,Blue Herringbone
GREH,Green Herringbone
YELH,Yellow Herringbone
TANH,Tan Herringbone
MARH,Maroon Herringbone
PURH,Purple Herringbone
GRYH,Gray Herringbone
BLUP,Blue Parchment
GREP,Green Parchment
YELP,Yellow Parchment
TANP,Tan Parchment
MARP,Maroon Parchment
PRPP,Purple Parchment
GRYP,Gray Parchment
SANT,Antique
SMNT,Monterey
SBLM,Blue Marble
SGMR,Green Marble
SAMS,American Spirit
SGEN,Gentry
TGRD,Tamperguard Plus™
BK,Black
BL,Blue
BR,Brown
BU,Burgundy
GD,Gold
GR,Green
GY,Grey
PK,Pink
PR,Purple
RD,Red
SV,Silver
TN,Tan
XX,No Color Specified
YL,Yellow
AQ,Antique
ENT,Entrepreneur
BLS,Blue Safety
PKS,Pink Safety
RS,Rose
BLW,Security Watermark Blue
BLM,Blue Marble
MON,Monterey
BLUHS,Blue Deluxe High Security
GRNHS,Green Deluxe High Security
MARHS,Maroon Deluxe High Security
TANHS,Tan Deluxe High Security
GRYHS,Gray Deluxe High Security
PRPHS,Purple Deluxe High Security
YLWHS,Yellow Deluxe High Security
WWHS,Wounded Warrior Family Support High Security
AMS,American Spirit
TRN,Tranquility
GRM,Green Marble
VAN,Vanguard
QRY,Quarry
GEN,Gentry
SGE,Sterling Gentry
FL,Fine Line
FF,Forever Free
SA,Scenic Americana
CYP,Cypress
BLUH,Blue Herringbone
GREH,Green Herringbone
YELH,Yellow Herringbone
TANH,Tan Herringbone
MARH,Maroon Herringbone
PURH,Purple Herringbone
GRYH,Gray Herringbone
BLUP,Blue Parchment
GREP,Green Parchment
YELP,Yellow Parchment
TANP,Tan Parchment
MARP,Maroon Parchment
PRPP,Purple Parchment
GRYP,Gray Parchment
SANT,Antique
SMNT,Monterey
SBLM,Blue Marble
SGMR,Green Marble
SAMS,American Spirit
SGEN,Gentry
TGRD,Tamperguard Plus™
BK,Black
BL,Blue
BR,Brown
BU,Burgundy
GD,Gold
GR,Green
GY,Grey
PK,Pink
PR,Purple
RD,Red
SV,Silver
TN,Tan
XX,No Color Specified
YL,Yellow
AQ,Antique
ENT,Entrepreneur
BLS,Blue Safety
PKS,Pink Safety
RS,Rose
BLW,Security Watermark Blue
BLM,Blue Marble
MON,Monterey
BLUHS,Blue Deluxe High Security
GRNHS,Green Deluxe High Security
MARHS,Maroon Deluxe High Security
TANHS,Tan Deluxe High Security
GRYHS,Gray Deluxe High Security
PRPHS,Purple Deluxe High Security
YLWHS,Yellow Deluxe High Security
WWHS,Wounded Warrior Family Support High Security
AMS,American Spirit
AMS,American Spirit
TRN,Tranquility
TRN,Tranquility
GRM,Green Marble
GRM,Green Marble
VAN,Vanguard
VAN,Vanguard
QRY,Quarry
QRY,Quarry
GEN,Gentry
GEN,Gentry
SGE,Sterling Gentry
SGE,Sterling Gentry
FL,Fine Line
FL,Fine Line
FF,Forever Free
FF,Forever Free
SA,Scenic Americana
SA,Scenic Americana
CYP,Cypress
CYP,Cypress
BLUH,Blue Herringbone
BLUH,Blue Herringbone
GREH,Green Herringbone
GREH,Green Herringbone
YELH,Yellow Herringbone
YELH,Yellow Herringbone
TANH,Tan Herringbone
TANH,Tan Herringbone
MARH,Maroon Herringbone
MARH,Maroon Herringbone
PURH,Purple Herringbone
PURH,Purple Herringbone
GRYH,Gray Herringbone
GRYH,Gray Herringbone
BLUP,Blue Parchment
BLUP,Blue Parchment
GREP,Green Parchment
GREP,Green Parchment
YELP,Yellow Parchment
YELP,Yellow Parchment
TANP,Tan Parchment
TANP,Tan Parchment
MARP,Maroon Parchment
MARP,Maroon Parchment
PRPP,Purple Parchment
PRPP,Purple Parchment
GRYP,Gray Parchment
GRYP,Gray Parchment
SANT,Antique
SANT,Antique
SMNT,Monterey
SMNT,Monterey
SBLM,Blue Marble
SBLM,Blue Marble
SGMR,Green Marble
SGMR,Green Marble
SAMS,American Spirit
SAMS,American Spirit
SGEN,Gentry
SGEN,Gentry
TGRD,Tamperguard Plus™
TGRD,Tamperguard Plus™
BK,Black
BL,Blue
BK,Black
BR,Brown
BL,Blue
BU,Burgundy
BR,Brown
GD,Gold
BU,Burgundy
GR,Green
GD,Gold
GR,Green
GY,Grey
PK,Pink
GY,Grey
PK,Pink
PR,Purple
PR,Purple
RD,Red
RD,Red
SV,Silver
SV,Silver
TN,Tan
TN,Tan
XX,No Color Specified
XX,No Color Specified
YL,Yellow
YL,Yellow
AQ,Antique
AQ,Antique
ENT,Entrepreneur
ENT,Entrepreneur
BLS,Blue Safety
BLS,Blue Safety
PKS,Pink Safety
PKS,Pink Safety
RS,Rose
RS,Rose
BLW,Security Watermark Blue
BLW,Security Watermark Blue
BLM,Blue Marble
BLM,Blue Marble
MON,Monterey
MON,Monterey
BLUHS,Blue Deluxe High Security
BLUHS,Blue Deluxe High Security
GRNHS,Green Deluxe High Security
GRNHS,Green Deluxe High Security
MARHS,Maroon Deluxe High Security
MARHS,Maroon Deluxe High Security
TANHS,Tan Deluxe High Security
TANHS,Tan Deluxe High Security
GRYHS,Gray Deluxe High Security
GRYHS,Gray Deluxe High Security
PRPHS,Purple Deluxe High Security
PRPHS,Purple Deluxe High Security
YLWHS,Yellow Deluxe High Security
YLWHS,Yellow Deluxe High Security
WWHS,Wounded Warrior Family Support High Security
WWHS,Wounded Warrior Family Support High Security
AMS,American Spirit
TRN,Tranquility
GRM,Green Marble
VAN,Vanguard
QRY,Quarry
GEN,Gentry
SGE,Sterling Gentry
FL,Fine Line
FF,Forever Free
SA,Scenic Americana
CYP,Cypress
BLUH,Blue Herringbone
GREH,Green Herringbone
YELH,Yellow Herringbone
TANH,Tan Herringbone
MARH,Maroon Herringbone
PURH,Purple Herringbone
GRYH,Gray Herringbone
BLUP,Blue Parchment
GREP,Green Parchment
YELP,Yellow Parchment
TANP,Tan Parchment
MARP,Maroon Parchment
PRPP,Purple Parchment
GRYP,Gray Parchment
SANT,Antique
SMNT,Monterey
SBLM,Blue Marble
SGMR,Green Marble
SAMS,American Spirit
SGEN,Gentry
TGRD,Tamperguard Plus™
BK,Black
BL,Blue
BR,Brown
BU,Burgundy
GD,Gold
GR,Green
GY,Grey
PK,Pink
PR,Purple
RD,Red
SV,Silver
TN,Tan
XX,No Color Specified
YL,Yellow
AQ,Antique
ENT,Entrepreneur
BLS,Blue Safety
PKS,Pink Safety
RS,Rose
BLW,Security Watermark Blue
BLM,Blue Marble
MON,Monterey
BLUHS,Blue Deluxe High Security
GRNHS,Green Deluxe High Security
MARHS,Maroon Deluxe High Security
TANHS,Tan Deluxe High Security
GRYHS,Gray Deluxe High Security
PRPHS,Purple Deluxe High Security
YLWHS,Yellow Deluxe High Security
WWHS,Wounded Warrior Family Support High Security
AMS,American Spirit
TRN,Tranquility
GRM,Green Marble
VAN,Vanguard
QRY,Quarry
GEN,Gentry
SGE,Sterling Gentry
FL,Fine Line
FF,Forever Free
SA,Scenic Americana
CYP,Cypress
BLUH,Blue Herringbone
GREH,Green Herringbone
YELH,Yellow Herringbone
TANH,Tan Herringbone
MARH,Maroon Herringbone
PURH,Purple Herringbone
GRYH,Gray Herringbone
BLUP,Blue Parchment
GREP,Green Parchment
YELP,Yellow Parchment
TANP,Tan Parchment
MARP,Maroon Parchment
PRPP,Purple Parchment
GRYP,Gray Parchment
SANT,Antique
SMNT,Monterey
SBLM,Blue Marble
SGMR,Green Marble
SAMS,American Spirit
SGEN,Gentry
TGRD,Tamperguard Plus™
BK,Black
BL,Blue
BR,Brown
BU,Burgundy
GD,Gold
GR,Green
GY,Grey
PK,Pink
PR,Purple
RD,Red
SV,Silver
TN,Tan
XX,No Color Specified
YL,Yellow
AQ,Antique
ENT,Entrepreneur
BLS,Blue Safety
PKS,Pink Safety
RS,Rose
BLW,Security Watermark Blue
BLM,Blue Marble
MON,Monterey
BLUHS,Blue Deluxe High Security
GRNHS,Green Deluxe High Security
MARHS,Maroon Deluxe High Security
TANHS,Tan Deluxe High Security
GRYHS,Gray Deluxe High Security
PRPHS,Purple Deluxe High Security
YLWHS,Yellow Deluxe High Security
WWHS,Wounded Warrior Family Support High Security
AMS,American Spirit
TRN,Tranquility
GRM,Green Marble
VAN,Vanguard
QRY,Quarry
GEN,Gentry
SGE,Sterling Gentry
FL,Fine Line
FF,Forever Free
SA,Scenic Americana
CYP,Cypress
BLUH,Blue Herringbone
GREH,Green Herringbone
YELH,Yellow Herringbone
TANH,Tan Herringbone
MARH,Maroon Herringbone
PURH,Purple Herringbone
GRYH,Gray Herringbone
BLUP,Blue Parchment
GREP,Green Parchment
YELP,Yellow Parchment
TANP,Tan Parchment
MARP,Maroon Parchment
PRPP,Purple Parchment
GRYP,Gray Parchment
SANT,Antique
SMNT,Monterey
SBLM,Blue Marble
SGMR,Green Marble
SAMS,American Spirit
SGEN,Gentry
TGRD,Tamperguard Plus™
BK,Black
BL,Blue
BR,Brown
BU,Burgundy
GD,Gold
GR,Green
GY,Grey
PK,Pink
PR,Purple
RD,Red
SV,Silver
TN,Tan
XX,No Color Specified
YL,Yellow
AQ,Antique
ENT,Entrepreneur
BLS,Blue Safety
PKS,Pink Safety
RS,Rose
BLW,Security Watermark Blue
BLM,Blue Marble
MON,Monterey
BLUHS,Blue Deluxe High Security
GRNHS,Green Deluxe High Security
MARHS,Maroon Deluxe High Security
TANHS,Tan Deluxe High Security
GRYHS,Gray Deluxe High Security
PRPHS,Purple Deluxe High Security
YLWHS,Yellow Deluxe High Security
WWHS,Wounded Warrior Family Support High Security
AMS,American Spirit
TRN,Tranquility
GRM,Green Marble
VAN,Vanguard
QRY,Quarry
GEN,Gentry
SGE,Sterling Gentry
FL,Fine Line
FF,Forever Free
SA,Scenic Americana
CYP,Cypress
BLUH,Blue Herringbone
GREH,Green Herringbone
YELH,Yellow Herringbone
TANH,Tan Herringbone
MARH,Maroon Herringbone
PURH,Purple Herringbone
GRYH,Gray Herringbone
BLUP,Blue Parchment
GREP,Green Parchment
YELP,Yellow Parchment
TANP,Tan Parchment
MARP,Maroon Parchment
PRPP,Purple Parchment
GRYP,Gray Parchment
SANT,Antique
SMNT,Monterey
SBLM,Blue Marble
SGMR,Green Marble
SAMS,American Spirit
SGEN,Gentry
TGRD,Tamperguard Plus™
BK,Black
BL,Blue
BR,Brown
BU,Burgundy
GD,Gold
GR,Green
GY,Grey
PK,Pink
PR,Purple
RD,Red
SV,Silver
TN,Tan
XX,No Color Specified
YL,Yellow
AQ,Antique
ENT,Entrepreneur
BLS,Blue Safety
PKS,Pink Safety
RS,Rose
BLW,Security Watermark Blue
BLM,Blue Marble
MON,Monterey
BLUHS,Blue Deluxe High Security
GRNHS,Green Deluxe High Security
MARHS,Maroon Deluxe High Security
TANHS,Tan Deluxe High Security
GRYHS,Gray Deluxe High Security
PRPHS,Purple Deluxe High Security
YLWHS,Yellow Deluxe High Security
WWHS,Wounded Warrior Family Support High Security
AMS,American Spirit
TRN,Tranquility
GRM,Green Marble
VAN,Vanguard
QRY,Quarry
GEN,Gentry
SGE,Sterling Gentry
FL,Fine Line
FF,Forever Free
SA,Scenic Americana
CYP,Cypress
BLUH,Blue Herringbone
GREH,Green Herringbone
YELH,Yellow Herringbone
TANH,Tan Herringbone
MARH,Maroon Herringbone
PURH,Purple Herringbone
GRYH,Gray Herringbone
BLUP,Blue Parchment
GREP,Green Parchment
AMS,American Spirit
TRN,Tranquility
GRM,Green Marble
VAN,Vanguard
QRY,Quarry
GEN,Gentry
SGE,Sterling Gentry
FL,Fine Line
FF,Forever Free
SA,Scenic Americana
YELP,Yellow Parchment
TANP,Tan Parchment
MARP,Maroon Parchment
PRPP,Purple Parchment
GRYP,Gray Parchment
SANT,Antique
SMNT,Monterey
SBLM,Blue Marble
SGMR,Green Marble
SAMS,American Spirit
CYP,Cypress
BLUH,Blue Herringbone
GREH,Green Herringbone
YELH,Yellow Herringbone
TANH,Tan Herringbone
MARH,Maroon Herringbone
PURH,Purple Herringbone
GRYH,Gray Herringbone
BLUP,Blue Parchment
GREP,Green Parchment
SGEN,Gentry
TGRD,Tamperguard Plus™
BK,Black
BL,Blue
BR,Brown
BU,Burgundy
GD,Gold
GR,Green
GY,Grey
PK,Pink
YELP,Yellow Parchment
TANP,Tan Parchment
MARP,Maroon Parchment
PRPP,Purple Parchment
GRYP,Gray Parchment
SANT,Antique
PR,Purple
SMNT,Monterey
RD,Red
SV,Silver
SBLM,Blue Marble
TN,Tan
SGMR,Green Marble
XX,No Color Specified
SAMS,American Spirit
YL,Yellow
AQ,Antique
ENT,Entrepreneur
BLS,Blue Safety
PKS,Pink Safety
SGEN,Gentry
TGRD,Tamperguard Plus™
BK,Black
BL,Blue
BR,Brown
BU,Burgundy
GD,Gold
GR,Green
GY,Grey
PK,Pink
RS,Rose
BLW,Security Watermark Blue
BLM,Blue Marble
MON,Monterey
BLUHS,Blue Deluxe High Security
GRNHS,Green Deluxe High Security
MARHS,Maroon Deluxe High Security
TANHS,Tan Deluxe High Security
GRYHS,Gray Deluxe High Security
PRPHS,Purple Deluxe High Security
PR,Purple
RD,Red
SV,Silver
TN,Tan
XX,No Color Specified
YL,Yellow
AQ,Antique
ENT,Entrepreneur
BLS,Blue Safety
PKS,Pink Safety
YLWHS,Yellow Deluxe High Security
WWHS,Wounded Warrior Family Support High Security
RS,Rose
BLW,Security Watermark Blue
BLM,Blue Marble
MON,Monterey
BLUHS,Blue Deluxe High Security
GRNHS,Green Deluxe High Security
MARHS,Maroon Deluxe High Security
TANHS,Tan Deluxe High Security
GRYHS,Gray Deluxe High Security
PRPHS,Purple Deluxe High Security
AMS,American Spirit
TRN,Tranquility
GRM,Green Marble
VAN,Vanguard
QRY,Quarry
GEN,Gentry
SGE,Sterling Gentry
FL,Fine Line
FF,Forever Free
SA,Scenic Americana
CYP,Cypress
BLUH,Blue Herringbone
GREH,Green Herringbone
YELH,Yellow Herringbone
TANH,Tan Herringbone
MARH,Maroon Herringbone
PURH,Purple Herringbone
GRYH,Gray Herringbone
BLUP,Blue Parchment
GREP,Green Parchment
YELP,Yellow Parchment
TANP,Tan Parchment
MARP,Maroon Parchment
PRPP,Purple Parchment
GRYP,Gray Parchment
SANT,Antique
SMNT,Monterey
SBLM,Blue Marble
SGMR,Green Marble
SAMS,American Spirit
SGEN,Gentry
TGRD,Tamperguard Plus™
BK,Black
BL,Blue
BR,Brown
BU,Burgundy
GD,Gold
GR,Green
GY,Grey
PK,Pink
PR,Purple
RD,Red
SV,Silver
TN,Tan
XX,No Color Specified
YL,Yellow
AQ,Antique
ENT,Entrepreneur
BLS,Blue Safety
PKS,Pink Safety
RS,Rose
BLW,Security Watermark Blue
BLM,Blue Marble
MON,Monterey
BLUHS,Blue Deluxe High Security
GRNHS,Green Deluxe High Security
MARHS,Maroon Deluxe High Security
TANHS,Tan Deluxe High Security
GRYHS,Gray Deluxe High Security
PRPHS,Purple Deluxe High Security
YLWHS,Yellow Deluxe High Security
WWHS,Wounded Warrior Family Support High Security
AMS,American Spirit
TRN,Tranquility
GRM,Green Marble
VAN,Vanguard
QRY,Quarry
GEN,Gentry
SGE,Sterling Gentry
FL,Fine Line
FF,Forever Free
SA,Scenic Americana
CYP,Cypress
BLUH,Blue Herringbone
GREH,Green Herringbone
YELH,Yellow Herringbone
TANH,Tan Herringbone
MARH,Maroon Herringbone
PURH,Purple Herringbone
GRYH,Gray Herringbone
BLUP,Blue Parchment
GREP,Green Parchment
YELP,Yellow Parchment
TANP,Tan Parchment
MARP,Maroon Parchment
PRPP,Purple Parchment
GRYP,Gray Parchment
SANT,Antique
SMNT,Monterey
SBLM,Blue Marble
SGMR,Green Marble
SAMS,American Spirit
SGEN,Gentry
TGRD,Tamperguard Plus™
BK,Black
BL,Blue
BR,Brown
BU,Burgundy
GD,Gold
GR,Green
GY,Grey
PK,Pink
PR,Purple
RD,Red
SV,Silver
TN,Tan
XX,No Color Specified
YL,Yellow
AQ,Antique
ENT,Entrepreneur
BLS,Blue Safety
PKS,Pink Safety
RS,Rose
BLW,Security Watermark Blue
BLM,Blue Marble
MON,Monterey
BLUHS,Blue Deluxe High Security
GRNHS,Green Deluxe High Security
MARHS,Maroon Deluxe High Security
TANHS,Tan Deluxe High Security
GRYHS,Gray Deluxe High Security
PRPHS,Purple Deluxe High Security
YLWHS,Yellow Deluxe High Security
WWHS,Wounded Warrior Family Support High Security
AMS,American Spirit
TRN,Tranquility
GRM,Green Marble
VAN,Vanguard
QRY,Quarry
GEN,Gentry
SGE,Sterling Gentry
FL,Fine Line
FF,Forever Free
SA,Scenic Americana
CYP,Cypress
BLUH,Blue Herringbone
GREH,Green Herringbone
YELH,Yellow Herringbone
TANH,Tan Herringbone
MARH,Maroon Herringbone
PURH,Purple Herringbone
GRYH,Gray Herringbone
BLUP,Blue Parchment
GREP,Green Parchment
AMS,American Spirit
TRN,Tranquility
GRM,Green Marble
VAN,Vanguard
QRY,Quarry
GEN,Gentry
SGE,Sterling Gentry
FL,Fine Line
FF,Forever Free
SA,Scenic Americana
YELP,Yellow Parchment
TANP,Tan Parchment
MARP,Maroon Parchment
PRPP,Purple Parchment
GRYP,Gray Parchment
SANT,Antique
SMNT,Monterey
SBLM,Blue Marble
SGMR,Green Marble
SAMS,American Spirit
CYP,Cypress
BLUH,Blue Herringbone
GREH,Green Herringbone
YELH,Yellow Herringbone
TANH,Tan Herringbone
MARH,Maroon Herringbone
PURH,Purple Herringbone
GRYH,Gray Herringbone
BLUP,Blue Parchment
GREP,Green Parchment
SGEN,Gentry
TGRD,Tamperguard Plus™
BK,Black
BL,Blue
BR,Brown
BU,Burgundy
GD,Gold
GR,Green
GY,Grey
PK,Pink
YELP,Yellow Parchment
TANP,Tan Parchment
MARP,Maroon Parchment
PRPP,Purple Parchment
GRYP,Gray Parchment
SANT,Antique
SMNT,Monterey
SBLM,Blue Marble
SGMR,Green Marble
SAMS,American Spirit
PR,Purple
RD,Red
SV,Silver
TN,Tan
XX,No Color Specified
YL,Yellow
AQ,Antique
ENT,Entrepreneur
BLS,Blue Safety
PKS,Pink Safety
SGEN,Gentry
TGRD,Tamperguard Plus™
BK,Black
BL,Blue
BR,Brown
BU,Burgundy
GD,Gold
GR,Green
GY,Grey
PK,Pink
RS,Rose
BLW,Security Watermark Blue
BLM,Blue Marble
MON,Monterey
BLUHS,Blue Deluxe High Security
GRNHS,Green Deluxe High Security
MARHS,Maroon Deluxe High Security
TANHS,Tan Deluxe High Security
GRYHS,Gray Deluxe High Security
PRPHS,Purple Deluxe High Security
PR,Purple
RD,Red
SV,Silver
TN,Tan
XX,No Color Specified
YL,Yellow
AQ,Antique
ENT,Entrepreneur
BLS,Blue Safety
PKS,Pink Safety
YLWHS,Yellow Deluxe High Security
WWHS,Wounded Warrior Family Support High Security
RS,Rose
BLW,Security Watermark Blue
AMS,American Spirit
TRN,Tranquility
GRM,Green Marble
VAN,Vanguard
QRY,Quarry
GEN,Gentry
SGE,Sterling Gentry
FL,Fine Line
FF,Forever Free
SA,Scenic Americana
CYP,Cypress
BLUH,Blue Herringbone
GREH,Green Herringbone
YELH,Yellow Herringbone
TANH,Tan Herringbone
MARH,Maroon Herringbone
PURH,Purple Herringbone
GRYH,Gray Herringbone
BLUP,Blue Parchment
GREP,Green Parchment
YELP,Yellow Parchment
TANP,Tan Parchment
MARP,Maroon Parchment
PRPP,Purple Parchment
GRYP,Gray Parchment
SANT,Antique
SMNT,Monterey
SBLM,Blue Marble
SGMR,Green Marble
SAMS,American Spirit
SGEN,Gentry
TGRD,Tamperguard Plus™
BK,Black
BL,Blue
BR,Brown
BU,Burgundy
GD,Gold
GR,Green
GY,Grey
PK,Pink
PR,Purple
RD,Red
SV,Silver
TN,Tan
XX,No Color Specified
YL,Yellow
AQ,Antique
ENT,Entrepreneur
BLS,Blue Safety
PKS,Pink Safety
RS,Rose
BLW,Security Watermark Blue
BLM,Blue Marble
MON,Monterey
BLUHS,Blue Deluxe High Security
GRNHS,Green Deluxe High Security
MARHS,Maroon Deluxe High Security
TANHS,Tan Deluxe High Security
GRYHS,Gray Deluxe High Security
PRPHS,Purple Deluxe High Security
YLWHS,Yellow Deluxe High Security
WWHS,Wounded Warrior Family Support High Security
AMS,American Spirit
TRN,Tranquility
GRM,Green Marble
VAN,Vanguard
QRY,Quarry
GEN,Gentry
SGE,Sterling Gentry
FL,Fine Line
FF,Forever Free
SA,Scenic Americana
CYP,Cypress
BLUH,Blue Herringbone
GREH,Green Herringbone
YELH,Yellow Herringbone
TANH,Tan Herringbone
MARH,Maroon Herringbone
PURH,Purple Herringbone
GRYH,Gray Herringbone
BLUP,Blue Parchment
GREP,Green Parchment
YELP,Yellow Parchment
TANP,Tan Parchment
MARP,Maroon Parchment
PRPP,Purple Parchment
GRYP,Gray Parchment
SANT,Antique
SMNT,Monterey
SBLM,Blue Marble
SGMR,Green Marble
SAMS,American Spirit
SGEN,Gentry
TGRD,Tamperguard Plus™
BK,Black
BL,Blue
BR,Brown
BU,Burgundy
GD,Gold
GR,Green
GY,Grey
PK,Pink
PR,Purple
RD,Red
SV,Silver
TN,Tan
XX,No Color Specified
YL,Yellow
AQ,Antique
ENT,Entrepreneur
BLS,Blue Safety
PKS,Pink Safety
RS,Rose
BLW,Security Watermark Blue
BLM,Blue Marble
MON,Monterey
BLUHS,Blue Deluxe High Security
GRNHS,Green Deluxe High Security
MARHS,Maroon Deluxe High Security
TANHS,Tan Deluxe High Security
GRYHS,Gray Deluxe High Security
PRPHS,Purple Deluxe High Security
YLWHS,Yellow Deluxe High Security
WWHS,Wounded Warrior Family Support High Security
AMS,American Spirit
TRN,Tranquility
GRM,Green Marble
VAN,Vanguard
QRY,Quarry
GEN,Gentry
SGE,Sterling Gentry
FL,Fine Line
FF,Forever Free
SA,Scenic Americana
CYP,Cypress
BLUH,Blue Herringbone
GREH,Green Herringbone
YELH,Yellow Herringbone
TANH,Tan Herringbone
MARH,Maroon Herringbone
PURH,Purple Herringbone
GRYH,Gray Herringbone
BLUP,Blue Parchment
GREP,Green Parchment
YELP,Yellow Parchment
TANP,Tan Parchment
MARP,Maroon Parchment
PRPP,Purple Parchment
GRYP,Gray Parchment
SANT,Antique
SMNT,Monterey
SBLM,Blue Marble
SGMR,Green Marble
SAMS,American Spirit
SGEN,Gentry
TGRD,Tamperguard Plus™
BK,Black
BL,Blue
BR,Brown
BU,Burgundy
GD,Gold
GR,Green
GY,Grey
PK,Pink
PR,Purple
RD,Red
SV,Silver
TN,Tan
XX,No Color Specified
YL,Yellow
AQ,Antique
ENT,Entrepreneur
BLS,Blue Safety
PKS,Pink Safety
RS,Rose
BLW,Security Watermark Blue
BLM,Blue Marble
MON,Monterey
BLUHS,Blue Deluxe High Security
GRNHS,Green Deluxe High Security
MARHS,Maroon Deluxe High Security
TANHS,Tan Deluxe High Security
GRYHS,Gray Deluxe High Security
PRPHS,Purple Deluxe High Security
YLWHS,Yellow Deluxe High Security
WWHS,Wounded Warrior Family Support High Security
AMS,American Spirit
TRN,Tranquility
GRM,Green Marble
VAN,Vanguard
QRY,Quarry
GEN,Gentry
SGE,Sterling Gentry
FL,Fine Line
FF,Forever Free
SA,Scenic Americana
CYP,Cypress
BLUH,Blue Herringbone
GREH,Green Herringbone
YELH,Yellow Herringbone
TANH,Tan Herringbone
MARH,Maroon Herringbone
PURH,Purple Herringbone
GRYH,Gray Herringbone
BLUP,Blue Parchment
GREP,Green Parchment
AMS,American Spirit
TRN,Tranquility
GRM,Green Marble
VAN,Vanguard
QRY,Quarry
GEN,Gentry
SGE,Sterling Gentry
FL,Fine Line
FF,Forever Free
SA,Scenic Americana
YELP,Yellow Parchment
TANP,Tan Parchment
MARP,Maroon Parchment
PRPP,Purple Parchment
GRYP,Gray Parchment
SANT,Antique
SMNT,Monterey
SBLM,Blue Marble
SGMR,Green Marble
SAMS,American Spirit
CYP,Cypress
BLUH,Blue Herringbone
SGEN,Gentry
TGRD,Tamperguard Plus™
GREH,Green Herringbone
BK,Black
YELH,Yellow Herringbone
BL,Blue
BR,Brown
TANH,Tan Herringbone
BU,Burgundy
MARH,Maroon Herringbone
GD,Gold
GR,Green
PURH,Purple Herringbone
GY,Grey
PK,Pink
GRYH,Gray Herringbone
BLUP,Blue Parchment
GREP,Green Parchment
PR,Purple
RD,Red
YELP,Yellow Parchment
SV,Silver
TANP,Tan Parchment
TN,Tan
MARP,Maroon Parchment
XX,No Color Specified
PRPP,Purple Parchment
YL,Yellow
GRYP,Gray Parchment
AQ,Antique
SANT,Antique
ENT,Entrepreneur
SMNT,Monterey
BLS,Blue Safety
SBLM,Blue Marble
PKS,Pink Safety
SGMR,Green Marble
SAMS,American Spirit
RS,Rose
SGEN,Gentry
BLW,Security Watermark Blue
TGRD,Tamperguard Plus™
BLM,Blue Marble
BK,Black
MON,Monterey
BLUHS,Blue Deluxe High Security
BL,Blue
GRNHS,Green Deluxe High Security
BR,Brown
MARHS,Maroon Deluxe High Security
BU,Burgundy
TANHS,Tan Deluxe High Security
GD,Gold
GR,Green
GRYHS,Gray Deluxe High Security
PRPHS,Purple Deluxe High Security
GY,Grey
PK,Pink
YLWHS,Yellow Deluxe High Security
PR,Purple
WWHS,Wounded Warrior Family Support High Security
RD,Red
SV,Silver
TN,Tan
XX,No Color Specified
YL,Yellow
AQ,Antique
ENT,Entrepreneur
BLS,Blue Safety
PKS,Pink Safety
AMS,American Spirit
TRN,Tranquility
GRM,Green Marble
VAN,Vanguard
QRY,Quarry
GEN,Gentry
SGE,Sterling Gentry
FL,Fine Line
FF,Forever Free
SA,Scenic Americana
CYP,Cypress
BLUH,Blue Herringbone
GREH,Green Herringbone
YELH,Yellow Herringbone
TANH,Tan Herringbone
MARH,Maroon Herringbone
PURH,Purple Herringbone
GRYH,Gray Herringbone
BLUP,Blue Parchment
GREP,Green Parchment
YELP,Yellow Parchment
TANP,Tan Parchment
MARP,Maroon Parchment
PRPP,Purple Parchment
GRYP,Gray Parchment
SANT,Antique
SMNT,Monterey
SBLM,Blue Marble
SGMR,Green Marble
SAMS,American Spirit
SGEN,Gentry
TGRD,Tamperguard Plus™
BK,Black
BL,Blue
BR,Brown
BU,Burgundy
GD,Gold
GR,Green
GY,Grey
PK,Pink
PR,Purple
RD,Red
SV,Silver
TN,Tan
XX,No Color Specified
YL,Yellow
AQ,Antique
ENT,Entrepreneur
BLS,Blue Safety
PKS,Pink Safety
RS,Rose
BLW,Security Watermark Blue
BLM,Blue Marble
MON,Monterey
BLUHS,Blue Deluxe High Security
GRNHS,Green Deluxe High Security
MARHS,Maroon Deluxe High Security
TANHS,Tan Deluxe High Security
GRYHS,Gray Deluxe High Security
PRPHS,Purple Deluxe High Security
YLWHS,Yellow Deluxe High Security
WWHS,Wounded Warrior Family Support High Security
AMS,American Spirit
TRN,Tranquility
GRM,Green Marble
VAN,Vanguard
QRY,Quarry
GEN,Gentry
SGE,Sterling Gentry
FL,Fine Line
FF,Forever Free
SA,Scenic Americana
CYP,Cypress
BLUH,Blue Herringbone
GREH,Green Herringbone
YELH,Yellow Herringbone
TANH,Tan Herringbone
MARH,Maroon Herringbone
PURH,Purple Herringbone
GRYH,Gray Herringbone
BLUP,Blue Parchment
GREP,Green Parchment
YELP,Yellow Parchment
TANP,Tan Parchment
MARP,Maroon Parchment
PRPP,Purple Parchment
GRYP,Gray Parchment
SANT,Antique
SMNT,Monterey
SBLM,Blue Marble
SGMR,Green Marble
SAMS,American Spirit
SGEN,Gentry
TGRD,Tamperguard Plus™
BK,Black
BL,Blue
BR,Brown
BU,Burgundy
GD,Gold
GR,Green
GY,Grey
PK,Pink
PR,Purple
RD,Red
SV,Silver
TN,Tan
XX,No Color Specified
YL,Yellow
AQ,Antique
ENT,Entrepreneur
BLS,Blue Safety
PKS,Pink Safety
RS,Rose
BLW,Security Watermark Blue
BLM,Blue Marble
MON,Monterey
BLUHS,Blue Deluxe High Security
GRNHS,Green Deluxe High Security
MARHS,Maroon Deluxe High Security
TANHS,Tan Deluxe High Security
GRYHS,Gray Deluxe High Security
PRPHS,Purple Deluxe High Security
YLWHS,Yellow Deluxe High Security
WWHS,Wounded Warrior Family Support High Security
AMS,American Spirit
TRN,Tranquility
GRM,Green Marble
VAN,Vanguard
QRY,Quarry
GEN,Gentry
SGE,Sterling Gentry
FL,Fine Line
FF,Forever Free
SA,Scenic Americana
CYP,Cypress
BLUH,Blue Herringbone
GREH,Green Herringbone
YELH,Yellow Herringbone
TANH,Tan Herringbone
MARH,Maroon Herringbone
PURH,Purple Herringbone
GRYH,Gray Herringbone
BLUP,Blue Parchment
GREP,Green Parchment
YELP,Yellow Parchment
TANP,Tan Parchment
MARP,Maroon Parchment
PRPP,Purple Parchment
GRYP,Gray Parchment
SANT,Antique
SMNT,Monterey
SBLM,Blue Marble
SGMR,Green Marble
SAMS,American Spirit
SGEN,Gentry
TGRD,Tamperguard Plus™
BK,Black
BL,Blue
BR,Brown
BU,Burgundy
GD,Gold
GR,Green
GY,Grey
PK,Pink
PR,Purple
RD,Red
SV,Silver
TN,Tan
XX,No Color Specified
YL,Yellow
AQ,Antique
ENT,Entrepreneur
BLS,Blue Safety
PKS,Pink Safety
RS,Rose
BLW,Security Watermark Blue
BLM,Blue Marble
MON,Monterey
BLUHS,Blue Deluxe High Security
GRNHS,Green Deluxe High Security
MARHS,Maroon Deluxe High Security
TANHS,Tan Deluxe High Security
GRYHS,Gray Deluxe High Security
PRPHS,Purple Deluxe High Security
YLWHS,Yellow Deluxe High Security
WWHS,Wounded Warrior Family Support High Security
AMS,American Spirit
TRN,Tranquility
GRM,Green Marble
VAN,Vanguard
QRY,Quarry
GEN,Gentry
SGE,Sterling Gentry
FL,Fine Line
FF,Forever Free
SA,Scenic Americana
CYP,Cypress
BLUH,Blue Herringbone
GREH,Green Herringbone
YELH,Yellow Herringbone
TANH,Tan Herringbone
MARH,Maroon Herringbone
PURH,Purple Herringbone
GRYH,Gray Herringbone
BLUP,Blue Parchment
GREP,Green Parchment
YELP,Yellow Parchment
TANP,Tan Parchment
MARP,Maroon Parchment
PRPP,Purple Parchment
GRYP,Gray Parchment
SANT,Antique
SMNT,Monterey
SBLM,Blue Marble
SGMR,Green Marble
SAMS,American Spirit
SGEN,Gentry
TGRD,Tamperguard Plus™
BK,Black
BL,Blue
BR,Brown
BU,Burgundy
GD,Gold
GR,Green
GY,Grey
PK,Pink
PR,Purple
RD,Red
SV,Silver
TN,Tan
XX,No Color Specified
YL,Yellow
AQ,Antique
ENT,Entrepreneur
BLS,Blue Safety
PKS,Pink Safety
RS,Rose
BLW,Security Watermark Blue
BLM,Blue Marble
MON,Monterey
BLUHS,Blue Deluxe High Security
GRNHS,Green Deluxe High Security
MARHS,Maroon Deluxe High Security
TANHS,Tan Deluxe High Security
GRYHS,Gray Deluxe High Security
PRPHS,Purple Deluxe High Security
YLWHS,Yellow Deluxe High Security
WWHS,Wounded Warrior Family Support High Security
